-- MySQL dump 10.13  Distrib 8.0.19, for Win64 (x86_64)
--
-- Host: localhost    Database: db_discord
-- ------------------------------------------------------
-- Server version	8.0.19

/*!40101 SET @OLD_CHARACTER_SET_CLIENT=@@CHARACTER_SET_CLIENT */;
/*!40101 SET @OLD_CHARACTER_SET_RESULTS=@@CHARACTER_SET_RESULTS */;
/*!40101 SET @OLD_COLLATION_CONNECTION=@@COLLATION_CONNECTION */;
/*!50503 SET NAMES utf8mb4 */;
/*!40103 SET @OLD_TIME_ZONE=@@TIME_ZONE */;
/*!40103 SET TIME_ZONE='+00:00' */;
/*!40014 SET @OLD_UNIQUE_CHECKS=@@UNIQUE_CHECKS, UNIQUE_CHECKS=0 */;
/*!40014 SET @OLD_FOREIGN_KEY_CHECKS=@@FOREIGN_KEY_CHECKS, FOREIGN_KEY_CHECKS=0 */;
/*!40101 SET @OLD_SQL_MODE=@@SQL_MODE, SQL_MODE='NO_AUTO_VALUE_ON_ZERO' */;
/*!40111 SET @OLD_SQL_NOTES=@@SQL_NOTES, SQL_NOTES=0 */;

--
-- Table structure for table `guild`
--

DROP TABLE IF EXISTS `guild`;
/*!40101 SET @saved_cs_client     = @@character_set_client */;
/*!50503 SET character_set_client = utf8mb4 */;
CREATE TABLE `guild` (
  `guildID` varchar(100) NOT NULL,
  `guildOwnerID` varchar(100) NOT NULL,
  PRIMARY KEY (`guildID`)
) ENGINE=InnoDB DEFAULT CHARSET=utf8mb4 COLLATE=utf8mb4_0900_ai_ci;
/*!40101 SET character_set_client = @saved_cs_client */;

--
-- Dumping data for table `guild`
--

LOCK TABLES `guild` WRITE;
/*!40000 ALTER TABLE `guild` DISABLE KEYS */;
INSERT INTO `guild` VALUES ('516454319172747277','249052876305989633'),('623715606184722442','248204538941538308'),('702928912174546975','248204538941538308'),('763464848457072701','248204538941538308'),('765262121428451368','712437134472118322'),('775058972460843039','655783930024165378'),('775821816488001588','248204538941538308'),('798939976124334090','248204538941538308'),('798940041178513428','248204538941538308'),('810578983225655306','248204538941538308'),('834595182238236692','248204538941538308');
/*!40000 ALTER TABLE `guild` ENABLE KEYS */;
UNLOCK TABLES;

--
-- Table structure for table `guildbank`
--

DROP TABLE IF EXISTS `guildbank`;
/*!40101 SET @saved_cs_client     = @@character_set_client */;
/*!50503 SET character_set_client = utf8mb4 */;
CREATE TABLE `guildbank` (
  `guildID` varchar(100) NOT NULL,
  `memberID` varchar(100) NOT NULL,
  `memberCoins` varchar(300) NOT NULL,
  PRIMARY KEY (`guildID`,`memberID`)
) ENGINE=InnoDB DEFAULT CHARSET=utf8mb4 COLLATE=utf8mb4_0900_ai_ci;
/*!40101 SET character_set_client = @saved_cs_client */;

--
-- Dumping data for table `guildbank`
--

LOCK TABLES `guildbank` WRITE;
/*!40000 ALTER TABLE `guildbank` DISABLE KEYS */;
INSERT INTO `guildbank` VALUES ('516454319172747277','241700516071997440','182'),('516454319172747277','248204538941538308','3331'),('516454319172747277','249052876305989633','454'),('516454319172747277','250353644820627456','61'),('623715606184722442','241700516071997440','11541'),('623715606184722442','248204538941538308','2535331'),('623715606184722442','248812751864987649','1'),('623715606184722442','249052876305989633','1970709'),('623715606184722442','250353644820627456','142330'),('623715606184722442','273325144007770112','10'),('623715606184722442','288063623018840064','10004'),('623715606184722442','296068839358201856','7'),('623715606184722442','314551973485608962','41'),('623715606184722442','324263136565657601','3'),('623715606184722442','328657200350494723','3'),('623715606184722442','330493613148733441','4'),('623715606184722442','336317600281657345','783'),('623715606184722442','338399193775472640','0'),('623715606184722442','341016680425586689','39'),('623715606184722442','341258125099139072','1'),('623715606184722442','344239751747993603','0'),('623715606184722442','351147721190801421','12'),('623715606184722442','369989524136263681','1'),('623715606184722442','375260718368292876','5'),('623715606184722442','379041591970758656','4'),('623715606184722442','382304909892124673','0'),('623715606184722442','391026139369439236','2'),('623715606184722442','394920068447731712','2'),('623715606184722442','400323459038576641','0'),('623715606184722442','402173216824492033','1'),('623715606184722442','411278738848743424','19'),('623715606184722442','411990134104260620','5'),('623715606184722442','425384197637537792','3'),('623715606184722442','428930028055560193','1'),('623715606184722442','429839511845863425','0'),('623715606184722442','430101781452816384','4'),('623715606184722442','430675447429464074','70019'),('623715606184722442','431638990102462487','12'),('623715606184722442','431989218181382144','8'),('623715606184722442','437363104293060608','10'),('623715606184722442','438158520148426763','4'),('623715606184722442','439469794261991424','34'),('623715606184722442','443581552585342977','0'),('623715606184722442','447462044380299285','4'),('623715606184722442','456873201109041162','27'),('623715606184722442','460275777481605120','2'),('623715606184722442','464082834747817984','0'),('623715606184722442','465010779398209537','0'),('623715606184722442','468791633949753344','7'),('623715606184722442','471451319605919744','112322'),('623715606184722442','472545858639101952','3'),('623715606184722442','472570711022501898','3'),('623715606184722442','476414095403253770','0'),('623715606184722442','480753764161290251','154'),('623715606184722442','486281988995547147','10'),('623715606184722442','489442556686499840','93'),('623715606184722442','493161381026332705','65'),('623715606184722442','502648875237113886','11'),('623715606184722442','502996999675576321','4'),('623715606184722442','503083323028144128','3'),('623715606184722442','503712653500350464','4'),('623715606184722442','506284599207264266','0'),('623715606184722442','506364527806251009','0'),('623715606184722442','511286729139814410','14'),('623715606184722442','514609085186965514','12310'),('623715606184722442','521360933080137730','60144'),('623715606184722442','528737216734953490','22'),('623715606184722442','529134258107711489','489'),('623715606184722442','529837335483908107','3'),('623715606184722442','530192934495059979','7'),('623715606184722442','531227337077817369','0'),('623715606184722442','531586457907757056','1'),('623715606184722442','532297914488455189','171'),('623715606184722442','536992458764976129','10320'),('623715606184722442','538547010521792533','2'),('623715606184722442','541046041118507011','16'),('623715606184722442','541407495089029131','14'),('623715606184722442','543138605279871007','397'),('623715606184722442','543521776932487212','9'),('623715606184722442','545421323019616306','4'),('623715606184722442','546072779183751186','15'),('623715606184722442','546368080104914947','163'),('623715606184722442','547961298630082574','0'),('623715606184722442','548908460033441802','13'),('623715606184722442','556124670047289345','9'),('623715606184722442','556604865577746463','14952'),('623715606184722442','566359046383468574','146'),('623715606184722442','572521000038694942','76934'),('623715606184722442','575496842767368232','0'),('623715606184722442','579341985643757618','73017'),('623715606184722442','585864391652671498','0'),('623715606184722442','589812365424328740','7'),('623715606184722442','592556746921345038','30196'),('623715606184722442','594548047892185106','12'),('623715606184722442','594899216581525504','0'),('623715606184722442','600448642993619003','4'),('623715606184722442','600829501567533087','1'),('623715606184722442','601867976580530206','3'),('623715606184722442','603260350413930518','3'),('623715606184722442','606955558842400772','8'),('623715606184722442','608361787099971595','8'),('623715606184722442','612333570387738652','2'),('623715606184722442','616448251729805312','1'),('623715606184722442','618146648845189157','3'),('623715606184722442','618531885114589203','156'),('623715606184722442','619584780123766859','2'),('623715606184722442','620296528686350346','0'),('623715606184722442','622817185534050324','10018'),('623715606184722442','627547403406540810','1769'),('623715606184722442','627610760205434904','0'),('623715606184722442','627643696669523988','4'),('623715606184722442','628761219410690050','0'),('623715606184722442','629803581146529822','12'),('623715606184722442','631311231353094158','2'),('623715606184722442','637366708176420875','31'),('623715606184722442','642045316115464222','5'),('623715606184722442','644799410794135555','1215'),('623715606184722442','645808980920369203','7'),('623715606184722442','647236205276168193','5'),('623715606184722442','648765117349101591','11'),('623715606184722442','660209791976734740','12'),('623715606184722442','660633279304695848','7'),('623715606184722442','661606137506037790','59'),('623715606184722442','664296207245639680','49'),('623715606184722442','664900450931441694','3'),('623715606184722442','665334546006409236','26279'),('623715606184722442','666423001226674214','15'),('623715606184722442','667429305629802507','13'),('623715606184722442','668999714531835944','0'),('623715606184722442','673374322160828436','0'),('623715606184722442','678080147475136533','10028'),('623715606184722442','680486447966322691','1'),('623715606184722442','684822198082338856','20'),('623715606184722442','685185496699109415','2'),('623715606184722442','686169635460218983','7'),('623715606184722442','688441141649342606','31'),('623715606184722442','688764814670954526','23'),('623715606184722442','689859650438692957','58'),('623715606184722442','690664566983622776','0'),('623715606184722442','690940607639584808','1'),('623715606184722442','691718328603115545','0'),('623715606184722442','693486230515482693','0'),('623715606184722442','693974519982850098','1'),('623715606184722442','695356634318372945','11'),('623715606184722442','695724765754949632','3'),('623715606184722442','696486258586943509','5'),('623715606184722442','696876403957825536','48'),('623715606184722442','697002987314217041','197'),('623715606184722442','697851649959526440','10211'),('623715606184722442','697911422335844453','109'),('623715606184722442','698405607128170557','9'),('623715606184722442','698627448731860992','522'),('623715606184722442','698710594811068528','21'),('623715606184722442','699287864692965497','4453'),('623715606184722442','699366277508235315','12'),('623715606184722442','701263739676000379','4'),('623715606184722442','701566008577753198','70'),('623715606184722442','701658566851035166','5'),('623715606184722442','702360413223911534','34'),('623715606184722442','706289144921587743','0'),('623715606184722442','706318984206876792','7'),('623715606184722442','709192924113403946','0'),('623715606184722442','709876199345619064','15'),('623715606184722442','710271203784261694','0'),('623715606184722442','713305144409718785','0'),('623715606184722442','713546161881088040','14'),('623715606184722442','713613761709211661','54'),('623715606184722442','721209664343244871','3'),('623715606184722442','723336554004611243','0'),('623715606184722442','723700496874995801','0'),('623715606184722442','723919891287244890','4'),('623715606184722442','725436567815979008','29'),('623715606184722442','730215172261675119','0'),('623715606184722442','731593909507064000','3'),('623715606184722442','736922886203375748','13'),('623715606184722442','737780406283141140','2'),('623715606184722442','765762067801702410','3'),('702928912174546975','248204538941538308','50'),('702928912174546975','673677677336723457','3'),('702928912174546975','731549920632242196','1'),('763464848457072701','234910363051622400','1'),('763464848457072701','241700516071997440','17'),('763464848457072701','248204538941538308','937223298'),('763464848457072701','249052876305989633','162'),('763464848457072701','250353644820627456','2'),('763464848457072701','280427677809115156','0'),('763464848457072701','433627413608398849','11672'),('763464848457072701','473434000602431508','0'),('763464848457072701','474607571576291331','129'),('763464848457072701','487128761599262741','10'),('763464848457072701','517102250263445514','4858'),('763464848457072701','521158927547629569','9'),('763464848457072701','528373301907816468','0'),('763464848457072701','534222861628342273','8'),('763464848457072701','559417195244027954','9'),('763464848457072701','585624241056251949','0'),('763464848457072701','592556746921345038','2'),('763464848457072701','594511779024076821','1'),('763464848457072701','601752946765725697','82'),('763464848457072701','614410658506604554','703'),('763464848457072701','616448251729805312','0'),('763464848457072701','621836935849181205','212'),('763464848457072701','627547403406540810','157'),('763464848457072701','639242456344428545','0'),('763464848457072701','655783930024165378','17'),('763464848457072701','666311066246185049','2'),('763464848457072701','689283909166563461','8'),('763464848457072701','690201055291637770','45'),('763464848457072701','695342416697229335','3'),('763464848457072701','698032894018453504','12'),('763464848457072701','699845737990586471','1'),('763464848457072701','704046308276568144','1'),('763464848457072701','707940841745809450','5'),('763464848457072701','708372142177386588','12'),('763464848457072701','709907077505744938','8331'),('763464848457072701','713522722721890365','0'),('763464848457072701','722493822533238897','74'),('763464848457072701','724975275565252660','19'),('763464848457072701','728737465938214934','10'),('763464848457072701','730988746807181313','208'),('763464848457072701','732242895783985162','28'),('763464848457072701','736646673417371688','2'),('763464848457072701','740334698513039380','30'),('763464848457072701','746244077535887491','0'),('763464848457072701','749614265572524073','81'),('763464848457072701','750392050700255365','2'),('763464848457072701','752548780221399061','3'),('763464848457072701','754779471378251858','0'),('763464848457072701','755172107167727737','10'),('763464848457072701','773699135042748496','32'),('763464848457072701','775103275610800129','1'),('763464848457072701','777617392804036618','0'),('763464848457072701','780212120147066910','1'),('763464848457072701','781842461479403572','0'),('763464848457072701','785929831367704677','0'),('763464848457072701','786560032959102978','0'),('763464848457072701','786828703720144966','0'),('763464848457072701','788081447495139328','10'),('763464848457072701','793643725527449660','0'),('763464848457072701','795071292633514054','0'),('763464848457072701','795716077400752128','2'),('763464848457072701','800387314592907295','1'),('763464848457072701','826614640908959774','73'),('763464848457072701','836683769871859793','0'),('765262121428451368','248204538941538308','20'),('765262121428451368','690522797662797855','1'),('765262121428451368','752453739155292222','0'),('774046854689325088','434072130624290836','0'),('774046854689325088','722493822533238897','0'),('774046854689325088','734862607814754400','0'),('774046854689325088','745769232066805911','0'),('775058972460843039','248204538941538308','14'),('775058972460843039','655783930024165378','0'),('775058972460843039','722493822533238897','0'),('775821816488001588','248204538941538308','3'),('775821816488001588','336241876011057154','1'),('775821816488001588','517102250263445514','2'),('775821816488001588','602244754910085184','0'),('775821816488001588','614410658506604554','10'),('775821816488001588','616448251729805312','0'),('775821816488001588','655783930024165378','0'),('775821816488001588','709907077505744938','1'),('775821816488001588','756144658697945149','0'),('798939976124334090','248204538941538308','216917'),('798939976124334090','444900584789770252','101176'),('798939976124334090','448122015660900352','0'),('798939976124334090','448785132355059712','201136'),('798939976124334090','562329061079384105','5'),('798939976124334090','616448251729805312','160238'),('798939976124334090','660395190414082050','1'),('798939976124334090','679722851258859580','928'),('798939976124334090','690522797662797855','201010'),('798939976124334090','695888846566719508','1023'),('798939976124334090','704398609982161006','10'),('798939976124334090','712437134472118322','4'),('798939976124334090','718010951214956545','14'),('798939976124334090','729617636224139304','10'),('798939976124334090','738890027085332533','4'),('798939976124334090','752453739155292222','11'),('798939976124334090','767003263534628876','1'),('798940041178513428','248204538941538308','17'),('834595182238236692','248204538941538308','9');
/*!40000 ALTER TABLE `guildbank` ENABLE KEYS */;
UNLOCK TABLES;

--
-- Table structure for table `guildbans`
--

DROP TABLE IF EXISTS `guildbans`;
/*!40101 SET @saved_cs_client     = @@character_set_client */;
/*!50503 SET character_set_client = utf8mb4 */;
CREATE TABLE `guildbans` (
  `guildID` varchar(100) NOT NULL,
  `memberID` varchar(100) NOT NULL,
  `memberTag` varchar(100) NOT NULL,
  `memberJoinedAt` varchar(100) NOT NULL,
  `autorBan` varchar(100) NOT NULL,
  PRIMARY KEY (`guildID`)
) ENGINE=InnoDB DEFAULT CHARSET=utf8mb4 COLLATE=utf8mb4_0900_ai_ci;
/*!40101 SET character_set_client = @saved_cs_client */;

--
-- Dumping data for table `guildbans`
--

LOCK TABLES `guildbans` WRITE;
/*!40000 ALTER TABLE `guildbans` DISABLE KEYS */;
INSERT INTO `guildbans` VALUES ('623715606184722442','616448251729805312','undefined','14/5/2020','Kyonax#8818'),('763464848457072701','810631697662083083','undefined','5/3/2021','Kyonax#9989');
/*!40000 ALTER TABLE `guildbans` ENABLE KEYS */;
UNLOCK TABLES;

--
-- Table structure for table `guildconfigurable`
--

DROP TABLE IF EXISTS `guildconfigurable`;
/*!40101 SET @saved_cs_client     = @@character_set_client */;
/*!50503 SET character_set_client = utf8mb4 */;
CREATE TABLE `guildconfigurable` (
  `guildID` varchar(100) NOT NULL,
  `guildLanguage` varchar(10) DEFAULT 'es',
  `cmdPrefix` varchar(10) DEFAULT 's!',
  PRIMARY KEY (`guildID`)
) ENGINE=InnoDB DEFAULT CHARSET=utf8mb4 COLLATE=utf8mb4_0900_ai_ci;
/*!40101 SET character_set_client = @saved_cs_client */;

--
-- Dumping data for table `guildconfigurable`
--

LOCK TABLES `guildconfigurable` WRITE;
/*!40000 ALTER TABLE `guildconfigurable` DISABLE KEYS */;
INSERT INTO `guildconfigurable` VALUES ('516454319172747277','es','s!'),('623715606184722442','es','s!'),('702928912174546975','es','s?'),('763464848457072701','es','!'),('765262121428451368','es','cu!'),('775058972460843039','es','s!'),('775821816488001588','es','s!'),('798939976124334090','es','!'),('798940041178513428','es','!'),('810578983225655306','es','s!'),('834595182238236692','es','s!');
/*!40000 ALTER TABLE `guildconfigurable` ENABLE KEYS */;
UNLOCK TABLES;

--
-- Table structure for table `guildmembers`
--

DROP TABLE IF EXISTS `guildmembers`;
/*!40101 SET @saved_cs_client     = @@character_set_client */;
/*!50503 SET character_set_client = utf8mb4 */;
CREATE TABLE `guildmembers` (
  `guildID` varchar(100) NOT NULL,
  `memberID` varchar(100) NOT NULL,
  `memberLanguage` varchar(6) NOT NULL DEFAULT 'es',
  `adminMember` tinyint(1) NOT NULL DEFAULT '0',
  `inmortalMember` tinyint(1) NOT NULL DEFAULT '0',
  `moderatorMember` tinyint(1) NOT NULL DEFAULT '0',
  `serverRank` char(100) NOT NULL DEFAULT '0',
  `memberXP` varchar(100) NOT NULL DEFAULT '0',
  `memberLevel` char(100) NOT NULL DEFAULT '1',
  `memberBoost` char(30) NOT NULL DEFAULT '1',
  `boostMemberTime` char(30) NOT NULL DEFAULT '0',
  `warnings` char(10) NOT NULL DEFAULT '0',
  PRIMARY KEY (`guildID`,`memberID`)
) ENGINE=InnoDB DEFAULT CHARSET=utf8mb4 COLLATE=utf8mb4_0900_ai_ci;
/*!40101 SET character_set_client = @saved_cs_client */;

--
-- Dumping data for table `guildmembers`
--

LOCK TABLES `guildmembers` WRITE;
/*!40000 ALTER TABLE `guildmembers` DISABLE KEYS */;
INSERT INTO `guildmembers` VALUES ('516454319172747277','241700516071997440','es',0,0,0,'3','3419','5','1','0','0'),('516454319172747277','248204538941538308','es',0,0,1,'2','6352','5','1','0','0'),('516454319172747277','249052876305989633','es',0,0,0,'1','7141','5','1','0','0'),('516454319172747277','250353644820627456','es',0,0,0,'4','895','4','1','0','0'),('623715606184722442','241700516071997440','es',1,1,1,'8','800942','10','1','0','0'),('623715606184722442','248204538941538308','es',1,1,1,'1','129839723','15','100','5372','0'),('623715606184722442','248812751864987649','es',0,0,0,'135','12','1','1','0','0'),('623715606184722442','249052876305989633','es',1,1,1,'3','5262400','11','100','7667','0'),('623715606184722442','250353644820627456','es',1,1,1,'7','977800','10','100','342','0'),('623715606184722442','273325144007770112','es',0,0,0,'62','189','3','1','0','0'),('623715606184722442','288063623018840064','es',0,0,0,'100','60','2','1','0','0'),('623715606184722442','296068839358201856','es',0,0,0,'58','238','3','1','0','0'),('623715606184722442','314551973485608962','es',0,0,0,'36','706','4','1','0','0'),('623715606184722442','324263136565657601','es',0,0,0,'119','32','2','1','0','0'),('623715606184722442','328657200350494723','es',0,0,0,'122','29','2','1','0','0'),('623715606184722442','330493613148733441','es',0,0,0,'95','70','2','1','0','0'),('623715606184722442','336317600281657345','es',0,0,0,'13','12052','6','1','0','0'),('623715606184722442','338399193775472640','es',0,0,0,'173','0','1','1','0','0'),('623715606184722442','341016680425586689','es',0,0,0,'39','573','3','1','0','0'),('623715606184722442','341258125099139072','es',0,0,0,'141','6','1','1','0','0'),('623715606184722442','344239751747993603','es',0,0,0,'173','0','1','1','0','0'),('623715606184722442','351147721190801421','es',0,0,0,'78','124','2','1','0','0'),('623715606184722442','369989524136263681','es',0,0,0,'141','6','1','1','0','0'),('623715606184722442','375260718368292876','es',0,0,0,'85','93','2','1','0','0'),('623715606184722442','379041591970758656','es',0,0,0,'105','47','2','1','0','0'),('623715606184722442','382304909892124673','es',0,0,0,'173','0','1','1','0','0'),('623715606184722442','391026139369439236','es',0,0,0,'126','23','1','1','0','0'),('623715606184722442','394920068447731712','es',0,0,0,'133','16','1','1','0','0'),('623715606184722442','400323459038576641','es',0,0,0,'173','0','1','1','0','0'),('623715606184722442','402173216824492033','es',0,0,0,'142','3','1','1','0','0'),('623715606184722442','411278738848743424','es',0,0,0,'50','354','3','1','0','0'),('623715606184722442','411990134104260620','es',0,0,0,'106','46','2','1','0','0'),('623715606184722442','425384197637537792','es',0,0,0,'114','37','2','1','0','0'),('623715606184722442','428930028055560193','es',0,0,0,'124','27','2','1','0','0'),('623715606184722442','429839511845863425','es',0,0,0,'173','0','1','1','0','0'),('623715606184722442','430101781452816384','es',0,0,0,'98','63','2','1','0','0'),('623715606184722442','430675447429464074','es',0,1,1,'4','4672640','11','100','5982','0'),('623715606184722442','431638990102462487','es',0,0,0,'75','139','2','1','0','0'),('623715606184722442','431989218181382144','es',0,0,0,'89','86','2','1','0','0'),('623715606184722442','437363104293060608','es',0,0,0,'78','124','2','1','0','0'),('623715606184722442','438158520148426763','es',0,0,0,'101','57','2','1','0','0'),('623715606184722442','439469794261991424','es',0,0,0,'40','567','3','1','0','0'),('623715606184722442','443581552585342977','es',0,0,0,'173','0','1','1','0','0'),('623715606184722442','447462044380299285','es',0,0,0,'100','60','2','1','0','0'),('623715606184722442','456873201109041162','es',0,0,0,'45','463','3','1','0','0'),('623715606184722442','460275777481605120','es',0,0,0,'129','19','1','1','0','0'),('623715606184722442','464082834747817984','es',0,0,0,'173','0','1','1','0','0'),('623715606184722442','465010779398209537','es',0,0,0,'173','0','1','1','0','0'),('623715606184722442','468791633949753344','es',0,0,0,'82','110','2','1','0','0'),('623715606184722442','471451319605919744','es',1,1,1,'10','616685','9','1','0','0'),('623715606184722442','472545858639101952','es',0,0,0,'110','42','2','1','0','0'),('623715606184722442','472570711022501898','es',0,0,0,'117','35','2','1','0','0'),('623715606184722442','476414095403253770','es',0,0,0,'173','0','1','1','0','0'),('623715606184722442','480753764161290251','es',0,0,0,'24','2468','5','1','0','0'),('623715606184722442','486281988995547147','es',0,0,0,'69','167','3','1','0','0'),('623715606184722442','489442556686499840','es',0,0,0,'30','1368','4','1','0','0'),('623715606184722442','493161381026332705','es',0,0,0,'31','1065','4','1','0','0'),('623715606184722442','502648875237113886','es',0,0,0,'67','179','3','1','0','0'),('623715606184722442','502996999675576321','es',0,0,0,'113','38','2','1','0','0'),('623715606184722442','503083323028144128','es',0,0,0,'117','35','2','1','0','0'),('623715606184722442','503712653500350464','es',0,0,0,'90','79','2','1','0','0'),('623715606184722442','506284599207264266','es',0,0,0,'173','0','1','1','0','0'),('623715606184722442','506364527806251009','es',0,0,0,'173','0','1','1','0','0'),('623715606184722442','511286729139814410','es',0,0,0,'48','409','3','1','0','0'),('623715606184722442','514609085186965514','es',0,0,0,'11','35711','7','1','0','0'),('623715606184722442','521360933080137730','es',0,0,0,'27','2254','5','1','0','0'),('623715606184722442','528737216734953490','es',0,0,0,'51','347','3','1','0','0'),('623715606184722442','529134258107711489','es',0,0,0,'15','7636','6','1','0','0'),('623715606184722442','529837335483908107','es',0,0,0,'110','42','2','1','0','0'),('623715606184722442','530192934495059979','es',0,0,0,'84','104','2','1','0','0'),('623715606184722442','531227337077817369','es',0,0,0,'173','0','1','1','0','0'),('623715606184722442','531586457907757056','es',0,0,0,'139','7','1','1','0','0'),('623715606184722442','532297914488455189','es',0,0,0,'23','2555','5','1','0','0'),('623715606184722442','536992458764976129','es',0,0,0,'19','5200','5','1','0','0'),('623715606184722442','538547010521792533','es',0,0,0,'121','30','2','1','0','0'),('623715606184722442','541046041118507011','es',0,0,0,'52','305','3','1','0','0'),('623715606184722442','541407495089029131','es',0,0,0,'61','211','3','1','0','0'),('623715606184722442','543138605279871007','es',0,0,0,'17','6081','5','1','0','0'),('623715606184722442','543521776932487212','es',0,0,0,'64','185','3','1','0','0'),('623715606184722442','545421323019616306','es',0,0,0,'102','56','2','1','0','0'),('623715606184722442','546072779183751186','es',0,0,0,'57','248','3','1','0','0'),('623715606184722442','546368080104914947','es',0,0,0,'26','2366','5','1','0','0'),('623715606184722442','547961298630082574','es',0,0,0,'173','0','1','1','0','0'),('623715606184722442','548908460033441802','es',0,0,0,'72','151','3','1','0','0'),('623715606184722442','556124670047289345','es',0,0,0,'76','131','2','1','0','0'),('623715606184722442','556604865577746463','es',0,0,0,'20','4360','5','1','0','0'),('623715606184722442','566359046383468574','es',0,0,0,'28','2103','4','1','0','0'),('623715606184722442','572521000038694942','es',0,1,1,'5','1916760','10','100','7778','0'),('623715606184722442','575496842767368232','es',0,0,0,'173','0','1','1','0','0'),('623715606184722442','579341985643757618','es',0,1,1,'9','779568','10','100','8506','0'),('623715606184722442','585864391652671498','es',0,0,0,'173','0','1','1','0','0'),('623715606184722442','589812365424328740','es',0,0,0,'87','91','2','1','0','0'),('623715606184722442','592556746921345038','es',0,0,1,'2','6853238','12','100','6094','0'),('623715606184722442','594548047892185106','es',0,0,0,'66','181','3','1','0','0'),('623715606184722442','594899216581525504','es',0,0,0,'173','0','1','1','0','0'),('623715606184722442','600448642993619003','es',0,0,0,'94','72','2','1','0','0'),('623715606184722442','600829501567533087','es',0,0,0,'128','22','1','1','0','0'),('623715606184722442','601867976580530206','es',0,0,0,'132','17','1','1','0','0'),('623715606184722442','603260350413930518','es',0,0,0,'97','66','2','1','0','0'),('623715606184722442','606955558842400772','es',0,0,0,'73','150','3','1','0','0'),('623715606184722442','608361787099971595','es',0,0,0,'93','74','2','1','0','0'),('623715606184722442','612333570387738652','es',0,0,0,'123','28','2','1','0','0'),('623715606184722442','616448251729805312','es',1,1,1,'137','10','1','1','0','0'),('623715606184722442','618146648845189157','es',0,0,0,'128','22','1','1','0','0'),('623715606184722442','618531885114589203','es',0,0,0,'25','2404','5','1','0','0'),('623715606184722442','619584780123766859','es',0,0,0,'134','15','1','1','0','0'),('623715606184722442','620296528686350346','es',0,0,0,'173','0','1','1','0','0'),('623715606184722442','622817185534050324','es',0,0,0,'53','296','3','1','0','0'),('623715606184722442','627547403406540810','es',0,0,0,'12','27811','7','1','0','1'),('623715606184722442','627610760205434904','es',0,0,0,'173','0','1','1','0','0'),('623715606184722442','627643696669523988','es',0,0,0,'107','44','2','1','0','0'),('623715606184722442','628761219410690050','es',0,0,0,'173','0','1','1','0','0'),('623715606184722442','629803581146529822','es',0,0,0,'59','217','3','1','0','0'),('623715606184722442','631311231353094158','es',0,0,0,'103','50','2','1','0','0'),('623715606184722442','637366708176420875','es',0,0,0,'41','515','3','1','0','0'),('623715606184722442','642045316115464222','es',0,0,0,'81','113','2','1','0','0'),('623715606184722442','644799410794135555','es',0,0,0,'16','6773','5','1','0','0'),('623715606184722442','645808980920369203','es',0,0,0,'88','87','2','1','0','0'),('623715606184722442','647236205276168193','es',0,0,0,'121','30','2','1','0','0'),('623715606184722442','648765117349101591','es',0,0,0,'74','140','2','1','0','0'),('623715606184722442','660209791976734740','es',0,0,0,'65','183','3','1','0','0'),('623715606184722442','660633279304695848','es',0,0,0,'83','105','2','1','0','0'),('623715606184722442','661606137506037790','es',0,0,0,'32','1003','4','1','0','0'),('623715606184722442','664296207245639680','es',0,0,0,'35','843','4','1','0','0'),('623715606184722442','664900450931441694','es',0,0,0,'112','39','2','1','0','0'),('623715606184722442','665334546006409236','es',0,0,0,'6','1161799','10','100','8272','1'),('623715606184722442','666423001226674214','es',0,0,0,'56','251','3','1','0','0'),('623715606184722442','667429305629802507','es',0,0,0,'70','163','3','1','0','0'),('623715606184722442','668999714531835944','es',0,0,0,'173','0','1','1','0','0'),('623715606184722442','673374322160828436','es',0,0,0,'173','0','1','1','0','0'),('623715606184722442','678080147475136533','es',0,0,0,'49','390','3','1','0','0'),('623715606184722442','680486447966322691','es',0,0,0,'132','17','1','1','0','0'),('623715606184722442','684822198082338856','es',0,0,0,'54','294','3','1','0','0'),('623715606184722442','685185496699109415','es',0,0,0,'112','39','2','1','0','0'),('623715606184722442','686169635460218983','es',0,0,0,'86','92','2','1','0','0'),('623715606184722442','688441141649342606','es',0,0,0,'42','507','3','1','0','0'),('623715606184722442','688764814670954526','es',0,0,0,'46','461','3','1','0','0'),('623715606184722442','689859650438692957','es',0,0,0,'34','857','4','1','0','0'),('623715606184722442','690664566983622776','es',0,0,0,'173','0','1','1','0','0'),('623715606184722442','690940607639584808','es',0,0,0,'138','9','1','1','0','0'),('623715606184722442','691718328603115545','es',0,0,0,'173','0','1','1','0','0'),('623715606184722442','693486230515482693','es',0,0,0,'173','0','1','1','0','0'),('623715606184722442','693974519982850098','es',0,0,0,'137','10','1','1','0','0'),('623715606184722442','695356634318372945','es',0,0,0,'68','176','3','1','0','0'),('623715606184722442','695724765754949632','es',0,0,0,'115','36','2','1','0','0'),('623715606184722442','696486258586943509','es',0,0,0,'92','76','2','1','0','0'),('623715606184722442','696876403957825536','es',0,0,0,'37','687','4','1','0','0'),('623715606184722442','697002987314217041','es',0,0,0,'22','2971','5','1','0','0'),('623715606184722442','697851649959526440','es',0,0,0,'21','3197','5','1','0','0'),('623715606184722442','697911422335844453','es',0,0,0,'29','1736','4','1','0','0'),('623715606184722442','698405607128170557','es',0,0,0,'71','155','3','1','0','0'),('623715606184722442','698627448731860992','es',0,0,0,'14','8165','6','1','0','0'),('623715606184722442','698710594811068528','es',0,0,0,'47','449','3','1','0','0'),('623715606184722442','699287864692965497','es',0,0,0,'18','5665','5','1','0','0'),('623715606184722442','699366277508235315','es',0,0,0,'63','187','3','1','0','0'),('623715606184722442','701263739676000379','es',0,0,0,'96','67','2','1','0','0'),('623715606184722442','701566008577753198','es',0,0,0,'33','952','4','1','0','0'),('623715606184722442','701658566851035166','es',0,0,0,'91','78','2','1','0','0'),('623715606184722442','702360413223911534','es',0,0,0,'44','497','3','1','0','0'),('623715606184722442','706289144921587743','es',0,0,0,'173','0','1','1','0','0'),('623715606184722442','706318984206876792','es',0,0,0,'80','118','2','1','0','0'),('623715606184722442','709192924113403946','es',0,0,0,'173','0','1','1','0','0'),('623715606184722442','709876199345619064','es',0,0,0,'55','274','3','1','0','0'),('623715606184722442','710271203784261694','es',0,0,0,'173','0','1','1','0','0'),('623715606184722442','713305144409718785','es',0,0,0,'173','0','1','1','0','0'),('623715606184722442','713546161881088040','es',0,0,0,'60','213','3','1','0','0'),('623715606184722442','713613761709211661','es',0,0,0,'38','673','4','1','0','0'),('623715606184722442','721209664343244871','es',0,0,0,'104','48','2','1','0','0'),('623715606184722442','723336554004611243','es',0,0,0,'173','0','1','1','0','0'),('623715606184722442','723700496874995801','es',0,0,0,'173','0','1','1','0','0'),('623715606184722442','723919891287244890','es',0,0,0,'110','42','2','1','0','0'),('623715606184722442','725436567815979008','es',0,0,0,'43','502','3','1','0','0'),('623715606184722442','730215172261675119','es',0,0,0,'173','0','1','1','0','0'),('623715606184722442','731593909507064000','es',0,0,0,'125','24','1','1','0','0'),('623715606184722442','736922886203375748','es',0,0,0,'79','119','2','1','0','0'),('623715606184722442','737780406283141140','es',0,0,0,'132','17','1','1','0','0'),('623715606184722442','765762067801702410','es',0,0,0,'119','32','2','1','0','0'),('702928912174546975','248204538941538308','es',0,0,0,'1','886','4','1','0','0'),('702928912174546975','673677677336723457','es',0,0,0,'2','56','2','1','0','0'),('702928912174546975','731549920632242196','es',0,0,0,'3','24','1','1','0','0'),('763464848457072701','234910363051622400','es',0,0,0,'35','25','1','1','0','0'),('763464848457072701','241700516071997440','es',0,0,0,'21','235','3','1','0','0'),('763464848457072701','248204538941538308','es',1,1,1,'1','1058390747','17','100','8012','1'),('763464848457072701','249052876305989633','es',1,1,1,'7','2733','5','1','0','0'),('763464848457072701','250353644820627456','es',0,0,0,'38','20','1','1','0','0'),('763464848457072701','280427677809115156','es',1,1,1,'64','0','1','1','0','0'),('763464848457072701','433627413608398849','es',0,0,0,'2','307178','9','100','8807','0'),('763464848457072701','473434000602431508','es',0,0,0,'64','0','1','1','0','0'),('763464848457072701','474607571576291331','es',0,0,0,'9','1963','4','1','0','0'),('763464848457072701','487128761599262741','es',0,0,0,'23','187','3','1','0','0'),('763464848457072701','517102250263445514','es',0,0,0,'4','11818','6','1','0','0'),('763464848457072701','521158927547629569','es',0,0,0,'25','163','3','1','0','0'),('763464848457072701','528373301907816468','es',0,0,0,'64','0','1','1','0','0'),('763464848457072701','534222861628342273','es',0,0,0,'30','100','2','1','0','0'),('763464848457072701','559417195244027954','es',0,0,0,'29','139','2','1','0','0'),('763464848457072701','585624241056251949','es',0,0,0,'64','0','1','1','0','0'),('763464848457072701','592556746921345038','es',0,0,0,'41','16','1','1','0','0'),('763464848457072701','594511779024076821','es',0,0,0,'36','22','1','1','0','0'),('763464848457072701','601752946765725697','es',0,0,0,'11','1331','4','1','0','0'),('763464848457072701','614410658506604554','es',0,0,0,'10','1844','4','1','0','0'),('763464848457072701','616448251729805312','es',0,1,1,'64','0','1','1','0','0'),('763464848457072701','621836935849181205','es',0,0,0,'5','3250','5','1','0','0'),('763464848457072701','627547403406540810','es',0,0,1,'8','2217','5','1','0','0'),('763464848457072701','639242456344428545','es',0,0,0,'64','0','1','1','0','0'),('763464848457072701','655783930024165378','es',0,0,0,'20','242','3','1','0','0'),('763464848457072701','666311066246185049','es',0,0,0,'34','39','2','1','0','0'),('763464848457072701','689283909166563461','es',0,0,0,'28','143','2','1','0','0'),('763464848457072701','690201055291637770','es',0,0,0,'15','779','4','1','0','0'),('763464848457072701','695342416697229335','es',0,0,0,'33','40','2','1','0','0'),('763464848457072701','698032894018453504','es',0,0,0,'22','191','3','1','0','0'),('763464848457072701','699845737990586471','es',0,0,0,'47','4','1','1','0','0'),('763464848457072701','704046308276568144','es',0,0,0,'38','20','1','1','0','0'),('763464848457072701','707940841745809450','es',0,0,0,'32','78','2','1','0','0'),('763464848457072701','708372142177386588','es',0,0,0,'24','178','3','1','0','0'),('763464848457072701','709907077505744938','es',0,0,0,'3','19925','6','1','0','0'),('763464848457072701','713522722721890365','es',0,0,0,'64','0','1','1','0','0'),('763464848457072701','722493822533238897','es',0,0,1,'14','1062','4','1','0','0'),('763464848457072701','724975275565252660','es',0,0,0,'19','321','3','1','0','0'),('763464848457072701','728737465938214934','es',0,0,0,'27','145','2','1','0','0'),('763464848457072701','730988746807181313','es',0,0,0,'6','3189','5','1','0','0'),('763464848457072701','732242895783985162','es',0,0,0,'17','489','3','1','0','0'),('763464848457072701','736646673417371688','es',0,0,0,'39','19','1','1','0','0'),('763464848457072701','740334698513039380','es',0,0,0,'18','456','3','1','0','0'),('763464848457072701','746244077535887491','es',0,0,0,'64','0','1','1','0','0'),('763464848457072701','749614265572524073','es',0,0,0,'12','1277','4','1','0','0'),('763464848457072701','750392050700255365','es',0,0,0,'45','11','1','1','0','0'),('763464848457072701','752548780221399061','es',0,0,0,'41','16','1','1','0','0'),('763464848457072701','754779471378251858','es',0,0,0,'64','0','1','1','0','0'),('763464848457072701','755172107167727737','es',0,0,0,'31','94','2','1','0','0'),('763464848457072701','773699135042748496','es',0,0,0,'16','529','3','1','0','0'),('763464848457072701','775103275610800129','es',0,0,0,'46','6','1','1','0','0'),('763464848457072701','777617392804036618','es',0,0,0,'64','0','1','1','0','0'),('763464848457072701','780212120147066910','es',0,0,0,'44','12','1','1','0','0'),('763464848457072701','781842461479403572','es',0,0,0,'64','0','1','1','0','0'),('763464848457072701','785929831367704677','es',0,0,0,'64','0','1','1','0','0'),('763464848457072701','786560032959102978','es',0,0,0,'64','0','1','1','0','0'),('763464848457072701','786828703720144966','es',0,0,0,'64','0','1','1','0','0'),('763464848457072701','788081447495139328','es',0,0,0,'26','151','3','1','0','0'),('763464848457072701','793643725527449660','es',0,0,0,'64','0','1','1','0','0'),('763464848457072701','795071292633514054','es',0,0,0,'64','0','1','1','0','0'),('763464848457072701','795716077400752128','es',0,0,0,'42','14','1','1','0','0'),('763464848457072701','800387314592907295','es',0,0,0,'44','12','1','1','0','0'),('763464848457072701','826614640908959774','es',0,0,0,'13','1134','4','1','0','0'),('763464848457072701','836683769871859793','es',0,0,0,'64','0','1','1','0','0'),('765262121428451368','248204538941538308','es',0,0,0,'1','311','3','1','0','0'),('765262121428451368','690522797662797855','es',0,0,0,'2','6','1','1','0','0'),('765262121428451368','752453739155292222','es',0,0,0,'3','0','1','1','0','0'),('774046854689325088','434072130624290836','es',0,0,0,'0','0','1','1','0','0'),('774046854689325088','722493822533238897','es',0,0,0,'0','0','1','1','0','0'),('774046854689325088','734862607814754400','es',0,0,0,'0','0','1','1','0','0'),('774046854689325088','745769232066805911','es',0,0,0,'0','0','1','1','0','0'),('775058972460843039','248204538941538308','es',0,0,0,'1','183','3','1','0','0'),('775058972460843039','655783930024165378','es',0,0,0,'3','0','1','1','0','0'),('775058972460843039','722493822533238897','es',0,0,0,'3','0','1','1','0','0'),('775821816488001588','248204538941538308','es',1,1,1,'3','26','1','1','0','0'),('775821816488001588','336241876011057154','es',0,0,0,'5','1','1','1','0','0'),('775821816488001588','517102250263445514','es',0,0,0,'10','33','2','1','0','0'),('775821816488001588','602244754910085184','es',0,0,0,'10','0','1','1','0','0'),('775821816488001588','614410658506604554','es',0,0,0,'1','155','3','1','0','0'),('775821816488001588','616448251729805312','es',1,1,1,'10','0','1','1','0','0'),('775821816488001588','655783930024165378','es',0,0,0,'10','0','1','1','0','0'),('775821816488001588','709907077505744938','es',0,0,0,'4','8','1','1','0','0'),('775821816488001588','756144658697945149','es',0,0,0,'10','0','1','1','0','0'),('798939976124334090','248204538941538308','es',1,1,1,'1','1661761','11','100','8995','0'),('798939976124334090','444900584789770252','es',0,0,1,'4','1269','4','1','0','0'),('798939976124334090','448122015660900352','es',0,0,0,'18','0','1','1','0','0'),('798939976124334090','448785132355059712','es',0,0,1,'5','702','4','1','0','0'),('798939976124334090','562329061079384105','es',0,0,0,'12','76','2','1','0','0'),('798939976124334090','616448251729805312','es',1,0,0,'2','2205','5','1','0','1'),('798939976124334090','660395190414082050','es',0,0,0,'18','4','1','1','0','0'),('798939976124334090','679722851258859580','es',0,0,1,'7','345','3','1','0','0'),('798939976124334090','690522797662797855','es',0,0,1,'3','1587','4','1','0','0'),('798939976124334090','695888846566719508','es',0,0,1,'6','359','3','1','0','0'),('798939976124334090','704398609982161006','es',0,0,0,'9','162','3','1','0','0'),('798939976124334090','712437134472118322','es',1,1,1,'13','51','2','1','0','0'),('798939976124334090','718010951214956545','es',0,0,0,'8','276','3','1','0','0'),('798939976124334090','729617636224139304','es',0,0,0,'10','158','3','1','0','0'),('798939976124334090','738890027085332533','es',1,1,1,'14','30','2','1','0','0'),('798939976124334090','752453739155292222','es',0,0,0,'11','119','2','1','0','0'),('798939976124334090','767003263534628876','es',0,0,0,'15','23','1','1','0','0'),('798940041178513428','248204538941538308','es',0,0,0,'1','275','3','1','0','0'),('834595182238236692','248204538941538308','es',0,0,0,'1','120','2','1','0','0');
/*!40000 ALTER TABLE `guildmembers` ENABLE KEYS */;
UNLOCK TABLES;

--
-- Table structure for table `roleplaymembers`
--

DROP TABLE IF EXISTS `roleplaymembers`;
/*!40101 SET @saved_cs_client     = @@character_set_client */;
/*!50503 SET character_set_client = utf8mb4 */;
CREATE TABLE `roleplaymembers` (
  `guildID` varchar(100) NOT NULL,
  `memberID` varchar(100) NOT NULL,
  `gameRolePLay` varchar(100) DEFAULT NULL,
  `rolePlayRank` char(100) NOT NULL DEFAULT '0',
  `memberXP` varchar(100) NOT NULL DEFAULT '0',
  `memberLevel` varchar(100) NOT NULL DEFAULT '1',
  `memberAge` char(6) NOT NULL DEFAULT '18',
  `memberRespect` varchar(100) NOT NULL DEFAULT '0',
  `memberWork` varchar(50) NOT NULL DEFAULT '**Vago**',
  `memberRelation` varchar(100) NOT NULL DEFAULT 'Soltero/a',
  `memberBiography` varchar(300) NOT NULL DEFAULT 'None Biography information',
  PRIMARY KEY (`guildID`,`memberID`)
) ENGINE=InnoDB DEFAULT CHARSET=utf8mb4 COLLATE=utf8mb4_0900_ai_ci;
/*!40101 SET character_set_client = @saved_cs_client */;

--
-- Dumping data for table `roleplaymembers`
--

LOCK TABLES `roleplaymembers` WRITE;
/*!40000 ALTER TABLE `roleplaymembers` DISABLE KEYS */;
INSERT INTO `roleplaymembers` VALUES ('516454319172747277','248204538941538308','','1','160','3','18','0','**Vago**','Soltero/a','None Biography information'),('516454319172747277','249052876305989633','','2','0','1','18','0','**Vago**','Soltero/a','None Biography information'),('623715606184722442','248204538941538308','GtaSanAndreas, MountAndBlade','1','7371900','12','20','1','**Desarrollador**','Soltero/a','prueba'),('623715606184722442','249052876305989633','','3','1239200','10','27','2','Padre Moderno','Soltero/a','la araña me wa matah :C'),('623715606184722442','250353644820627456','','8','29500','7','18','0','**Vago**','Soltero/a','None Biography information'),('623715606184722442','430675447429464074','GtaSanAndreas','5','492448','9','18','0','**Vago**','Soltero/a','Comisario de Sheriff de Montgomery Country'),('623715606184722442','514609085186965514','GtaSanAndreas','12','0','1','18','0','','Soltero/a','soy algo rarito we'),('623715606184722442','556604865577746463','','9','2249','5','18','0','**Vago**','Soltero/a','None Biography information'),('623715606184722442','572521000038694942','GtaSanAndreas','2','2487930','11','21','0','Policía','Soltero/a','None Biography information'),('623715606184722442','579341985643757618','','7','267921','9','21','0','Lider mecanico','Soltero/a','None Biography information'),('623715606184722442','592556746921345038','GtaSanAndreas','4','993424','10','21','0','Militar','Soltero/a','Llegué a Los Santos y decidí salir de la ciudad a tomar fotos y admirar los paisajes, hasta que me secuestraron y terminé en un raro pueblo al que le llaman \"Montgomery\". Soy alguien un poco nervioso y me gusta mucho demasiado la música de Billie Eilish'),('623715606184722442','644799410794135555','','11','89','2','18','2','Mecanico sexy','Soltero/a','<:Caution:625052498394218496> Colombiano trabajador y divertido xd🎉'),('623715606184722442','665334546006409236','','6','356698','9','23','0','Líder de EMS','Soltero/a','Tan vacío como desearía que esté mí mente, Líder de la fact de EMS.'),('623715606184722442','699287864692965497','GtaSanAndreas','10','1975','4','18','0','Sheriff','Soltero/a','None Biography information'),('763464848457072701','248204538941538308','','2','805417','10','20','1','**Creador de Contenido**','Soltero/a','None Biography information'),('763464848457072701','249052876305989633','','7','0','1','18','0','**Vago**','Soltero/a','None Biography information'),('763464848457072701','433627413608398849','','1','2625837','11','18','0','Ciberseguridad<:peeking:764156796519579730>','Soltero/a','Anasmatico💨 18 años🦊 Madrid 📍 Gamer🧑🏻‍🎤 Memero😎 Aprendiz🧝🏻‍♂️ Informático👨🏻‍💻 Among Us 🔪'),('763464848457072701','517102250263445514','','3','4147','5','13','0','Desarrollador web full-stack junior','Soltero/a','Chico de 13 años apasionado por la tecnologia, programador en javascript, python, c++, y php y un amante de la sangria caroreña'),('763464848457072701','614410658506604554','','4','2006','4','12','0','ESTUDIANTE ESOº','Soltero/a','Me pica el culo'),('763464848457072701','627547403406540810','','5','1087','4','18','0','**Vago**','Soltero/a','None Biography information'),('763464848457072701','709907077505744938','','6','758','4','18','0','contructor de edificios en forma de nepe','Soltero/a','None Biography information'),('763464848457072701','826614640908959774','','0','0','1','18','0','**Vago**','Soltero/a','None Biography information');
/*!40000 ALTER TABLE `roleplaymembers` ENABLE KEYS */;
UNLOCK TABLES;
/*!40103 SET TIME_ZONE=@OLD_TIME_ZONE */;

/*!40101 SET SQL_MODE=@OLD_SQL_MODE */;
/*!40014 SET FOREIGN_KEY_CHECKS=@OLD_FOREIGN_KEY_CHECKS */;
/*!40014 SET UNIQUE_CHECKS=@OLD_UNIQUE_CHECKS */;
/*!40101 SET CHARACTER_SET_CLIENT=@OLD_CHARACTER_SET_CLIENT */;
/*!40101 SET CHARACTER_SET_RESULTS=@OLD_CHARACTER_SET_RESULTS */;
/*!40101 SET COLLATION_CONNECTION=@OLD_COLLATION_CONNECTION */;
/*!40111 SET SQL_NOTES=@OLD_SQL_NOTES */;

-- Dump completed on 2021-06-04 22:34:57
